{
  "matches": [
    
    {
      "name": " ENG vs India, 4th Test ",
      "start": "2025-07-23T19:00:00+09:00",
      "duration": "8",
      "repeat": 5,
      "link": " https://blog.cricfoot.net/?yosintv=india "
    },
    
    
    {
      "name": " Bangladesh vs Pakistan, 1st T20I ",
      "start": "2025-07-20T21:00:00+09:00",
      "duration": "6",
      "link": " https://blog.cricfoot.net/?yosintv=bangladesh "
    },
    
    
    {
      "name": " WI vs Australia, 2nd T20I ",
      "start": "2025-07-23T09:00:00+09:00",
      "duration": "6",
      "link": " https://blog.cricfoot.net/?yosintv=australia "
    }
  ]
}
