{
    "matches": [

        
        {
            "name": "Aston Villa vs Man City ",
            "start": "2024-12-21T21:30:00+09:00",
            "duration": 2.6,
            "link": " https://blog.cricfoot.net/?yosintv=aston "
        },



                {
            "name": " Liverpool vs Fulham ",
            "start": "2024-12-15T00:00:00+09:00",
            "duration": 2.6,
            "link": " https://blog.cricfoot.net/?yosintv=liverpool "
        },



                {
            "name": " Newcastle vs Leicester  ",
            "start": "2024-12-15T00:00:00+09:00",
            "duration": 2.6,
            "link": " https://blog.cricfoot.net/?yosintv=newcastle "
        },



                {
            "name": " Wolves vs Ipswich Town ",
            "start": "2024-12-15T00:00:00+09:00",
            "duration": 2.6,
            "link": " https://blog.cricfoot.net/?yosintv=wolves "
        },


                {
            "name": " Nottingham  vs Aston Villa ",
            "start": "2024-12-15T02:30:00+09:00",
            "duration": 2.6,
            "link": " https://blog.cricfoot.net/?yosintv=aston "
        }


        
        

        
    ]
}
