{
  "matches": [
 
    {
      "name": " Liverpool vs AC Milan ",
      "start": "2025-07-26T20:30:00+09:00",
      "duration": "2.6",
      "link": " https://blog.cricfoot.net/?yosintv=acmilan "
    },



    {
      "name": " Stoke City vs Wolves ",
      "start": "2025-07-26T23:00:00+09:00",
      "duration": "2.6",
      "link": " https://blog.cricfoot.net/?yosintv=wolves "
    },
    
    
    {
      "name": " Napoli vs Catanzaro ",
      "start": "2025-07-27T01:00:00+09:00",
      "duration": "2.6",
      "link": " https://blog.cricfoot.net/?yosintv=napoli "
    },


    {
      "name": " Man United vs West Ham ",
      "start": "2025-07-27T08:00:00+09:00",
      "duration": "2.6",
      "link": " https://blog.cricfoot.net/?yosintv=manunited "
    },


    {
      "name": " Inter Miami vs Cincinnati ",
      "start": "2025-07-27T08:15:00+09:00",
      "duration": "2.6",
      "link": " https://blog.cricfoot.net/?yosintv=intermiami "
    },


    {
      "name": " Vissel Kobe vs Barcelona ",
      "start": "2025-07-27T19:00:00+09:00",
      "duration": "2.6",
      "link": " https://blog.cricfoot.net/?yosintv=barcelona "
    },


    {
      "name": " Arsenal vs Newcastle ",
      "start": "2025-07-27T20:30:00+09:00",
      "duration": "2.6",
      "link": " https://blog.cricfoot.net/?yosintv=arsenal "
    },


    {
      "name": " Marseille vs Girona ",
      "start": "2025-07-27T03:00:00+09:00",
      "duration": "2.6",
      "link": " https://blog.cricfoot.net/?yosintv=girona "
    },


    {
      "name": " Everton vs Bournemouth ",
      "start": "2025-07-27T05:00:00+09:00",
      "duration": "2.6",
      "link": " https://blog.cricfoot.net/?yosintv=everton "
    },


    {
      "name": " Recife vs Santos ",
      "start": "2025-07-27T06:30:00+09:00",
      "duration": "2.6",
      "link": " https://blog.cricfoot.net/?yosintv=santos "
    }
  ]
}
