{
  "matches": [
    {
      "team1": " India ",
      "team1_logo": "https://aimages.willow.tv/teamLogos/india.png",
      "team2": " England ",
      "team2_logo": "https://aimages.willow.tv/teamLogos/england.png",
      "start": "2025-07-02T19:00:00+09:00",
      "details_url": " https://blog.cricfoot.net/?yosintv=india ",
      "duration": 10
    },
    
    {
      "team1": "Sri Lanka",
      "team1_logo": "https://aimages.willow.tv/teamLogos/srilanka.png",
      "team2": "Bangladesh",
      "team2_logo": "https://aimages.willow.tv/teamLogos/bangladesh.png",
      "start": "2025-07-02T18:00:00+09:00",
      "details_url": " https://blog.cricfoot.net/?yosintv=bangladesh ",
      "duration": 600
    },
    
    {
      "team1": " West Indies ",
      "team1_logo": "https://aimages.willow.tv/teamLogos/westindies.png",
      "team2": " Australia ",
      "team2_logo": "https://aimages.willow.tv/teamLogos/australia.png",
      "start": "2025-07-03T23:00:00+09:00",
      "details_url": " https://blog.cricfoot.net/?yosintv=australia ",
      "duration": 90

    }
  ]
}
