{
  "events": [




    
    {
      "name": "Smooth 1 - Zimbabwe vs Afghanistan ",
      "link": "https://yosintv2.github.io/ads/cric.html?id=https://topembed.pw/channel/ex7190744"
    },


    
    {
      "name": "Smooth 2 - Zimbabwe vs Afghanistan ",
      "link": "https://yosintv2.github.io/tv/ads.html"
    },


    
    {
      "name": "Link 1 - Zimbabwe vs Afghanistan",
      "link": "https://yosintv2.github.io/ads/cric.html?id=https://topembed.pw/channel/ex7190744"
    },


    
    {
      "name": "Link 2 - Zimbabwe vs Afghanistan ",
      "link": "https://yosintv2.github.io/ads/adsense.html"
    },


    
    {
      "name": "Link 3 - Zimbabwe vs Afghanistan ",
      "link": "https://yosintv2.github.io/ads/cric.html?id=https://embedme.top/embed/charlie/zimbabwe-vs-afghanistan-1629414884/1"
    },

    

        {
      "name": "Link 4 - Zimbabwe vs Afghanistan ",
      "link": "https://yosintv2.github.io/ads/cric.html?id=https://embedme.top/embed/charlie/zimbabwe-vs-afghanistan-1629414884/1"
    },



    
        {
      "name": "Link 5 - Zimbabwe vs Afghanistan ",
      "link": "https://yosintv2.github.io/ads/cric.html?id=https://embedme.top/embed/charlie/zimbabwe-vs-afghanistan-1629414884/1"
    }










    
  ],
  "styles": {
    "livee": "display: flex; justify-content: space-between; align-items: center; text-decoration: none; color: inherit; margin: 5px 0; padding: 5px; border: 2px solid #000; border-radius: 5px; cursor: pointer; transition: box-shadow 0.3s ease; background-color: red; color: white;",
    "liveeHover": "box-shadow: 0 4px 8px rgba(0, 0, 0, 0.2);",
    "liveeName": "flex: 2; text-align: center; color: white; font-weight: bold;"
  }
}
