{"events": [


{ "name": " Join YoSinTV Telegram For Fast Links  ",
 "link": "https://t.me/yosintvlive " },


{ "name": " All - Argentina vs Colombia  ",       
"link": "https://yosintv2.github.io/ads/foot.html?url=https://linnk.pages.dev/football?id=messi1 "  },

{ "name": " All - Argentina vs Colombia  ",       
"link": " https://yosintv2.github.io/tv/ads.html" },

 
{ "name": " All - Argentina vs Colombia  ",       
"link": "https://yosintv2.github.io/ads/foot.html?url=https://linnk.pages.dev/football?id=messi2 "  },

{ "name": " All - Argentina vs Colombia  ",       
"link": "https://yosintv2.github.io/ads/foot.html?url=https://yosintv2.github.io/ads/ak?m=123226 "  },


{ "name": " All - Argentina vs Colombia  ",       
"link": " https://yosintv2.github.io/tv/ads.html" },

{ "name": " All - Argentina vs Colombia  ",       
"link": "https://yosintv2.github.io/ads/foot.html?url=https://yosintv2.github.io/ads/ak?m=360663 "  },
 
 { "name": " Android - Argentina vs Colombia  ",       
"link": "https://yosintv2.github.io/ads/foot.html?url=https://yosintv2.github.io/tv/alpha.html?mid=argentina-vs-colombia "  },

 { "name": " Android - Argentina vs Colombia  ",       
"link": "https://yosintv2.github.io/ads/foot.html?url=https://yosintv2.github.io/tv/alpha2.html?mid=argentina-vs-colombia "  },


{ "name": " PC/Android - Argentina vs Colombia  ",      
"link": " https://yosintv2.github.io/tv/ads.html" },


{ "name": " PC/Android - Argentina vs Colombia  ",      
"link": "https://yosintv2.github.io/ads/foot.html?url=https://stream196tp.com/global1.php?stream=golperu  "  },

{ "name": " PC/Android - Argentina vs Colombia  ",      
"link": "https://yosintv2.github.io/ads/foot.html?url=https://stream196tp.com/global1.php?stream=caracoltv  "  },
 
 { "name": " PC/Android - Argentina vs Colombia  ",      
"link": "https://yosintv2.github.io/ads/foot.html?url=https://stream196tp.com/global1.php?stream=tycsports  "  },

{ "name": " PC/Android - Argentina vs Colombia  ",      
"link": "https://yosintv2.github.io/ads/foot.html?url=https://stream196tp.com/global1.php?stream=telefe  "  }


  ],
  "styles": {
    "livee": "display: flex; justify-content: space-between; align-items: center; text-decoration: none; color: inherit; margin: 5px 0; padding: 5px; border: 2px solid #000; border-radius: 5px; cursor: pointer; transition: box-shadow 0.3s ease; background-color: red; color: white;",
    "liveeHover": "box-shadow: 0 4px 8px rgba(0, 0, 0, 0.2);",
    "liveeName": "flex: 2; text-align: center; color: white; font-weight: bold;"
  }
}
