{  "events": [


{ "name": " IOS/PC - TeamName ",       
"link": "https://yosintv2.github.io/ads/foot.html?url=https://yosintv.github.io/yosintv/mid.html?yosintv=4280907 "  },


{ "name": " No Lag - TeamName ",        
"link": " https://yosintv2.github.io/tv/ads.html" },


 { "name": " Android - TeamName ",       
"link": "https://yosintv2.github.io/ads/foot.html?url=https://yosintv2.github.io/ads/tc.html?m=1 "  },


 { "name": " Android - TeamName ",       
"link": "https://yosintv2.github.io/ads/foot.html?url=https://yosintv2.github.io/ads/flv.html?m=2376781 "  },


 { "name": " Android - TeamName ",       
"link": " https://yosintv2.github.io/tv/ads.html" },


 { "name": " Android - TeamName ",       
"link": "https://yosintv2.github.io/ads/foot.html?url=https://yosintv2.github.io/ads/flv.html?m=765648 "  },


{ "name": " PC/Laptop - TeamName ",      
"link": "https://yosintv2.github.io/ads/foot.html?url=https://streamtp3.com/global1.php?stream=espn3 "  },


{ "name": " PC/Laptop - TeamName ",      
"link": "https://yosintv2.github.io/ads/foot.html?url=https://streamtp3.com/global1.php?stream=paramount11 "  }




  ],
  "styles": {
    "livee": "display: flex; justify-content: space-between; align-items: center; text-decoration: none; color: inherit; margin: 5px 0; padding: 5px; border: 2px solid #000; border-radius: 5px; cursor: pointer; transition: box-shadow 0.3s ease; background-color: red; color: white;",
    "liveeHover": "box-shadow: 0 4px 8px rgba(0, 0, 0, 0.2);",
    "liveeName": "flex: 2; text-align: center; color: white; font-weight: bold;"
  }
}
