{ "events": [


 { "name": "Smooth 1 - Real Betis vs Athletic ",    
"link": " https://yosintv2.github.io/ads/foot.html?url=https://yosintv2.github.io/tv/midd.html?mid=4140372 "  },


 { "name": "Smooth 2 - Real Betis vs Athletic ",    
 "link": " https://yosintv2.github.io/tv/ads.html" },


{ "name": " Link 1 - Real Betis vs Athletic ",      
"link": " https://yosintv2.github.io/ads/foot.html?url=https://go.xib.cc/live/24510 "  },


{ "name": "  Link 2 - Real Betis vs Athletic ",   
"link": " https://yosintv2.github.io/ads/foot.html?url=https://go.xib.cc/live/11500 "  },


 { "name": "Link 3 - Real Betis vs Athletic ",      
 "link": " https://yosintv2.github.io/tv/ads.html" },


{ "name": "PC/Laptop - Real Betis vs Athletic ",      
"link": " https://yosintv2.github.io/ads/cric.html?url=https://topembed.pw/channel/ArenaSport2[Serbia] "  },


{ "name": "PC/Laptop - Real Betis vs Athletic ",      
"link": " https://yosintv2.github.io/ads/cric.html?url=https://topembed.pw/channel/LaLigaTV[UK] "  }



  ],
  "styles": {
    "livee": "display: flex; justify-content: space-between; align-items: center; text-decoration: none; color: inherit; margin: 5px 0; padding: 5px; border: 2px solid #000; border-radius: 5px; cursor: pointer; transition: box-shadow 0.3s ease; background-color: red; color: white;",
    "liveeHover": "box-shadow: 0 4px 8px rgba(0, 0, 0, 0.2);",
    "liveeName": "flex: 2; text-align: center; color: white; font-weight: bold;"
  }
}
