{
  "events": [
    {
      "name": " Join YoSinTV Telegram Live Links ",
      "link": "https://t.me/yosintvlive"
    },
    {
      "name": " Windies vs Australia ",
      "links": [

        " https://yosintv2.github.io/ads/cric.html?url=https://tinyurl.com/2dn34dkr  ",
        " https://yosintv2.github.io/tv/ads.html",

        " https://yosintv2.github.io/ads/cric.html?url=https://yosintv2.github.io/tv/alpha?mid=west-indies-vs-australia  ",
        " https://yosintv2.github.io/ads/cric.html?url=https://yosintv2.github.io/tv/alpha2?mid=west-indies-vs-australia  ",
        " https://yosintv2.github.io/tv/ads.html",

        " https://yosintv2.github.io/ads/cric.html?url=https://topembed.pw/channel/ex8236653 ",
        " https://yosintv2.github.io/ads/cric.html?url=hhttps://topembed.pw/channel/ex8236653  ",
        " https://yosintv2.github.io/tv/ads.html"

      ]
    }
  ],
  "styles": {
    "livee": "display: flex; justify-content: space-between; align-items: center; text-decoration: none; color: inherit; margin: 5px 0; padding: 5px; border: 2px solid #000; border-radius: 5px; cursor: pointer; transition: box-shadow 0.3s ease; background-color: red; color: white;",
    "liveeHover": "box-shadow: 0 4px 8px rgba(0, 0, 0, 0.2);",
    "liveeName": "flex: 2; text-align: center; color: white; font-weight: bold;"
  }
}
