{
  "events": [
    {
      "name": " Join YoSinTV Telegram Live Links ",
      "link": "https://t.me/yosintvlive"
    },
    {
      "name": " Belgium vs Wales ",
      "links": [
        
        " https://yosintv2.github.io/ads/foot.html?url=https://yosintv2.github.io/ads/ak?m=344370 ",
        " https://yosintv2.github.io/ads/foot.html?url=https://yosintv2.github.io/ads/ak?m=122774 ",
        " https://yosintv2.github.io/tv/ads.html",

        " https://yosintv2.github.io/ads/foot.html?url=https://yosintv2.github.io/ads/ak?m=434982 ",
        " https://yosintv2.github.io/tv/ads.html",

        " https://yosintv2.github.io/ads/foot.html?url=https://topembed.pw/channel/BBCOne[UK] ",
        " https://yosintv2.github.io/ads/foot.html?url=https://topembed.pw/channel/S4C[UK] ",
       " https://yosintv2.github.io/ads/foot.html?url=https://topembed.pw/channel/DiemaSport2[Bulgaria] "        
      
      ]
    }
  ],
  "styles": {
    "livee": "display: flex; justify-content: space-between; align-items: center; text-decoration: none; color: inherit; margin: 5px 0; padding: 5px; border: 2px solid #000; border-radius: 5px; cursor: pointer; transition: box-shadow 0.3s ease; background-color: red; color: white;",
    "liveeHover": "box-shadow: 0 4px 8px rgba(0, 0, 0, 0.2);",
    "liveeName": "flex: 2; text-align: center; color: white; font-weight: bold;"
  }
}
