{"events": [


{ "name": " Join YoSinTV Telegram For Fast Links  ",
 "link": "https://t.me/yosintvlive " },


{ "name": " All - Ecuador vs Brazil  ",       
"link": "https://yosintv2.github.io/ads/foot.html?url=https://linnk.pages.dev/football?id=brazil1 "  },

{ "name": " All - Ecuador vs Brazil  ",       
"link": " https://yosintv2.github.io/tv/ads.html" },

 
{ "name": " All - Ecuador vs Brazil  ",       
"link": "https://yosintv2.github.io/ads/foot.html?url=https://linnk.pages.dev/football?id=brazil2 "  },

{ "name": " All - Ecuador vs Brazil  ",       
"link": "https://yosintv2.github.io/ads/foot.html?url=https://yosintv2.github.io/ads/ak?m=118206 "  },


{ "name": " All - Ecuador vs Brazil  ",       
"link": " https://yosintv2.github.io/tv/ads.html" },

{ "name": " All - Ecuador vs Brazil  ",       
"link": "https://yosintv2.github.io/ads/foot.html?url=https://yosintv2.github.io/ads/ak?m=135966 "  },
 
 { "name": " Android - Ecuador vs Brazil  ",       
"link": "https://yosintv2.github.io/ads/foot.html?url=https://yosintv2.github.io/tv/alpha.html?mid=brazil-vs-paraguay "  },

 { "name": " Android - Ecuador vs Brazil  ",       
"link": "https://yosintv2.github.io/ads/foot.html?url=https://yosintv2.github.io/tv/alpha2.html?mid=brazil-vs-paraguay  "  },


{ "name": " PC/Android - Ecuador vs Brazil  ",      
"link": " https://yosintv2.github.io/tv/ads.html" },


{ "name": " PC/Android - Ecuador vs Brazil  ",      
"link": "https://yosintv2.github.io/ads/foot.html?url=https://topembed.pw/channel/ArenaPremium3[Serbia] "  },
 
 { "name": " PC/Android - Ecuador vs Brazil  ",      
"link": "https://yosintv2.github.io/ads/foot.html?url=https://topembed.pw/channel/SportTV1[Portugal] "  },

{ "name": " PC/Android - Ecuador vs Brazil  ",      
"link": "https://yosintv2.github.io/ads/foot.html?url=https://topembed.pw/channel/ex7975638 "  },

{ "name": " PC/Android - Ecuador vs Brazil  ",      
"link": "https://yosintv2.github.io/ads/foot.html?url=https://topembed.pw/channel/exbrazich22 "  }



  ],
  "styles": {
    "livee": "display: flex; justify-content: space-between; align-items: center; text-decoration: none; color: inherit; margin: 5px 0; padding: 5px; border: 2px solid #000; border-radius: 5px; cursor: pointer; transition: box-shadow 0.3s ease; background-color: red; color: white;",
    "liveeHover": "box-shadow: 0 4px 8px rgba(0, 0, 0, 0.2);",
    "liveeName": "flex: 2; text-align: center; color: white; font-weight: bold;"
  }
}
