{
  "events": [
    {
      "name": " Join YoSinTV Telegram Live Links ",
      "link": "https://t.me/yosintvlive"
    },
    {
      "name": " Croatia vs Czech Republic ",
      "links": [

        " https://yosintv2.github.io/ads/foot.html?url=https://yosintv2.github.io/ads/ak?m=462413 ",
        " https://yosintv2.github.io/ads/foot.html?url=https://yosintv2.github.io/ads/ak?m=356042 ",
        " https://yosintv2.github.io/tv/ads.html",

        " https://yosintv2.github.io/ads/foot.html?url=https://yosintv2.github.io/ads/ak?m=144861 ",
        " https://yosintv2.github.io/tv/ads.html",

        " https://yosintv2.github.io/ads/foot.html?url=https://topembed.pw/channel/DiemaSport[Bulgaria] ",
        " https://yosintv2.github.io/ads/foot.html?url=https://topembed.pw/channel/NovaSports1[Greece] ",
       " https://yosintv2.github.io/ads/foot.html?url=https://topembed.pw/channel/ZiggoSport3[Netherlands] "        
      
      ]
    }
  ],
  "styles": {
    "livee": "display: flex; justify-content: space-between; align-items: center; text-decoration: none; color: inherit; margin: 5px 0; padding: 5px; border: 2px solid #000; border-radius: 5px; cursor: pointer; transition: box-shadow 0.3s ease; background-color: red; color: white;",
    "liveeHover": "box-shadow: 0 4px 8px rgba(0, 0, 0, 0.2);",
    "liveeName": "flex: 2; text-align: center; color: white; font-weight: bold;"
  }
}
