{ "events": [


{ "name": " Join YoSinTV Telegram For Fast Links  ",
 "link": "https://t.me/yosintvlive " },


{ "name": " All - Crystal vs Brighton ",       
"link": "https://yosintv2.github.io/ads/foot.html?url=https://yosintv2.github.io/ads/ak.html?m=299144 "  },


 { "name": " Android - Crystal vs Brighton ",    
 "link": " https://yosintv2.github.io/tv/ads.html" },


{ "name": " All - Crystal vs Brighton ",       
"link": "https://yosintv2.github.io/ads/foot.html?url=https://yosintv2.github.io/ads/ak.html?m=421651 "  },


{ "name": " Android - Crystal vs Brighton ",      
"link": "https://yosintv2.github.io/ads/foot.html?url=https://yosintv2.github.io/tv/alpha.html?mid=crystal-palace-vs-brighton-hove-albion "  },


{ "name": " Android - Crystal vs Brighton ",      
"link": "https://yosintv2.github.io/ads/foot.html?url=https://yosintv2.github.io/tv/alpha2.html?mid=crystal-palace-vs-brighton-hove-albion "  },


 { "name": " IOS - Crystal vs Brighton ",      
 "link": " https://yosintv2.github.io/tv/ads.html" }



  ],
  "styles": {
    "livee": "display: flex; justify-content: space-between; align-items: center; text-decoration: none; color: inherit; margin: 5px 0; padding: 5px; border: 2px solid #000; border-radius: 5px; cursor: pointer; transition: box-shadow 0.3s ease; background-color: red; color: white;",
    "liveeHover": "box-shadow: 0 4px 8px rgba(0, 0, 0, 0.2);",
    "liveeName": "flex: 2; text-align: center; color: white; font-weight: bold;"
  }
}
