{
  "events": [


 { "name": "Smooth 1 - Bologna vs Empoli ",    
"link": " https://yosintv2.github.io/ads/foot.html?url=https://yosintv2.github.io/tv/midd.html?mid=4149681 " },


 { "name": "Smooth 2 - Bologna vs Empoli ",    
 "link": " https://yosintv2.github.io/tv/ads.html" },


 { "name": "Smooth 3 - Bologna vs Empoli ",    
"link": " https://yosintv2.github.io/ads/foot.html?url=https://yosintv2.github.io/tv/midd.html?mid=4149681 " },


 { "name": "Link 1 - Bologna vs Empoli ",      
 "link": " https://yosintv2.github.io/ads/foot.html?url=https://v3.sportsonline.ps/channels/hd/hd8.php " },


 { "name": "Link 2 - Bologna vs Empoli ",      
 "link": " https://yosintv2.github.io/tv/ads.html" },


{ "name": "Link 3 - Bologna vs Empoli ",      
"link": " https://yosintv2.github.io/ads/foot.html?url=https://v3.sportsonline.ps/channels/hd/hd8.php " }




  ],
  "styles": {
    "livee": "display: flex; justify-content: space-between; align-items: center; text-decoration: none; color: inherit; margin: 5px 0; padding: 5px; border: 2px solid #000; border-radius: 5px; cursor: pointer; transition: box-shadow 0.3s ease; background-color: red; color: white;",
    "liveeHover": "box-shadow: 0 4px 8px rgba(0, 0, 0, 0.2);",
    "liveeName": "flex: 2; text-align: center; color: white; font-weight: bold;"
  }
}
