{ "events": [


{ "name": " All - Everton vs West Ham ",       
"link": "https://yosintv2.github.io/ads/foot.html?url=https://yosintv2.github.io/ads/flv.html?m=78951465 "  },


{ "name": " Android - Everton vs West Ham ",      
"link": "https://yosintv2.github.io/ads/foot.html?url=https://yosintv2.github.io/tv/alpha.html?mid=everton-vs-west-ham-united "  },


 { "name": " Android - Everton vs West Ham ",    
"link": " https://yosintv2.github.io/ads/promote.html" },


{ "name": " Android - Everton vs West Ham ",      
"link": "https://yosintv2.github.io/ads/foot.html?url=https://yosintv2.github.io/tv/alpha2.html?mid=everton-vs-west-ham-united "  },


 { "name": " IOS - Everton vs West Ham ",      
 "link": " https://yosintv2.github.io/tv/ads.html" }



  ],
  "styles": {
    "livee": "display: flex; justify-content: space-between; align-items: center; text-decoration: none; color: inherit; margin: 5px 0; padding: 5px; border: 2px solid #000; border-radius: 5px; cursor: pointer; transition: box-shadow 0.3s ease; background-color: red; color: white;",
    "liveeHover": "box-shadow: 0 4px 8px rgba(0, 0, 0, 0.2);",
    "liveeName": "flex: 2; text-align: center; color: white; font-weight: bold;"
  }
}
