{ "events": [


{ "name": " All - AFC U20 Final ",       
"link": "https://yosintv2.github.io/ads/foot.html?url=https://yosintv2.github.io/ads/soco.html?m=9912008 "  },


{ "name": " All - AFC U20 Final ",       
"link": "https://yosintv2.github.io/ads/foot.html?url=https://yosintv2.github.io/tv/alpha.html?mid=afc-asian-cup-u20-final-australia-u20-vs-saudi-arabia-u20 "  },


{ "name": " All - AFC U20 Final ",       
 "link": " https://yosintv2.github.io/tv/ads.html" },


{ "name": " All - AFC U20 Final ",       
"link": " https://yosintv2.github.io/ads/foot.html?url=https://yosintv2.github.io/ads/flv.html?m=308116 "  },


{ "name": " All - AFC U20 Final ",       
"link": " https://yosintv2.github.io/ads/foot.html?url=https://yosintv2.github.io/ads/flv.html?m=746673 "  }


  ],
  "styles": {
    "livee": "display: flex; justify-content: space-between; align-items: center; text-decoration: none; color: inherit; margin: 5px 0; padding: 5px; border: 2px solid #000; border-radius: 5px; cursor: pointer; transition: box-shadow 0.3s ease; background-color: red; color: white;",
    "liveeHover": "box-shadow: 0 4px 8px rgba(0, 0, 0, 0.2);",
    "liveeName": "flex: 2; text-align: center; color: white; font-weight: bold;"
  }
}
