{"events": [


{ "name": " Join YoSinTV Telegram For Fast Links  ",
 "link": "https://t.me/yosintvlive " },


{ "name": " Smooth - Bournemouth vs Fulham ",       
"link": "https://yosintv2.github.io/ads/foot.html?url=https://cr7tv.github.io/livee/live.html?id=bein1_m3u8"  },


{ "name": " PC/Android - Bournemouth vs Fulham ",      
"link": " https://yosintv2.github.io/tv/ads.html" },


{ "name": " PC/Android - Bournemouth vs Fulham ",      
"link": "https://yosintv2.github.io/ads/foot.html?url=https://cr7tv.github.io/livee/live.html?id=SkySportsPremierLeague "  },


{ "name": " PC/Android - Bournemouth vs Fulham ",      
"link": "https://yosintv2.github.io/ads/foot.html?url=https://cr7tv.github.io/livee/live.html?id=DiemaSport2 "  },


{ "name": " PC/Android - Bournemouth vs Fulham ",      
"link": "https://yosintv2.github.io/ads/foot.html?url=https://cr7tv.github.io/livee/live.html?id=SkySport8 "  },


{ "name": " All - Bournemouth vs Fulham ",       
"link": " https://yosintv2.github.io/tv/ads.html" },


{ "name": " All - Bournemouth vs Fulham ",       
"link": "https://yosintv2.github.io/ads/foot.html?url=https://yosintv2.github.io/ads/ak.html?m=427856"  },


{ "name": " All - Bournemouth vs Fulham ",       
"link": "https://yosintv2.github.io/ads/foot.html?url=https://yosintv2.github.io/ads/ak.html?m=414317"  }




  ],
  "styles": {
    "livee": "display: flex; justify-content: space-between; align-items: center; text-decoration: none; color: inherit; margin: 5px 0; padding: 5px; border: 2px solid #000; border-radius: 5px; cursor: pointer; transition: box-shadow 0.3s ease; background-color: red; color: white;",
    "liveeHover": "box-shadow: 0 4px 8px rgba(0, 0, 0, 0.2);",
    "liveeName": "flex: 2; text-align: center; color: white; font-weight: bold;"
  }
}
