{  "events": [


{ "name": " Join YoSinTV Telegram For Fast Links  ",
 "link": "https://t.me/yosintvlive " },


{ "name": " Mobile Only - Germany vs Italy ",       
"link": "https://yosintv2.github.io/ads/foot.html?url=https://yosintv3.github.io/livee/live.html?id=germany"  },


{ "name": " All - Germany vs Italy ",       
"link": " https://yosintv2.github.io/tv/ads.html" },


{ "name": " All - Germany vs Italy ",       
"link": "https://yosintv2.github.io/ads/foot.html?url=https://yosintv2.github.io/ads/flv.html?m=551866 "  },


{ "name": " All - Germany vs Italy ",       
"link": "https://yosintv2.github.io/ads/foot.html?url=https://yosintv2.github.io/ads/flv.html?m=238362 "  },


 { "name": " Android - Germany vs Italy ",       
"link": " https://yosintv2.github.io/tv/ads.html" },


{ "name": " Android - Germany vs Italy ",       
"link": "https://yosintv2.github.io/ads/foot.html?url=https://yosintv2.github.io/tv/alpha.html?mid=germany-vs-italy "  },


 { "name": " Android - Germany vs Italy ",       
"link": "https://yosintv2.github.io/ads/foot.html?url=https://yosintv2.github.io/tv/alpha2.html?mid=germany-vs-italy "  },


{ "name": " PC/Android - Germany vs Italy ",      
"link": "https://yosintv2.github.io/ads/foot.html?url=https://topembed.pw/channel/FOXSports2[USA] "  },


{ "name": " PC/Android - Germany vs Italy ",      
"link": "https://yosintv2.github.io/ads/foot.html?url=https://topembed.pw/channel/ArenaPremium1[Serbia] "  },


{ "name": " PC/Android - Germany vs Italy ",      
"link": "https://yosintv2.github.io/ads/foot.html?url=https://topembed.pw/channel/DigiSport1[Romania] "  }




  ],
  "styles": {
    "livee": "display: flex; justify-content: space-between; align-items: center; text-decoration: none; color: inherit; margin: 5px 0; padding: 5px; border: 2px solid #000; border-radius: 5px; cursor: pointer; transition: box-shadow 0.3s ease; background-color: red; color: white;",
    "liveeHover": "box-shadow: 0 4px 8px rgba(0, 0, 0, 0.2);",
    "liveeName": "flex: 2; text-align: center; color: white; font-weight: bold;"
  }
}
