{  "events": [


{ "name": " Join YoSinTV Telegram For Fast Links  ",
 "link": "https://t.me/yosintvlive " },


{ "name": " All - Hungary vs Turkey ",       
"link": "https://yosintv2.github.io/ads/foot.html?url=https://yosintv3.github.io/livee/live.html?id=hungary "  },


{ "name": " All - Hungary vs Turkey ",       
"link": " https://yosintv2.github.io/tv/ads.html" },


{ "name": " All - Hungary vs Turkey ",       
"link": "https://yosintv2.github.io/ads/foot.html?url=https://yosintv2.github.io/ads/soco.html?m=9912052"  },


{ "name": " All - Hungary vs Turkey ",       
"link": "https://yosintv2.github.io/ads/foot.html?url=https://yosintv2.github.io/ads/flv.html?m=505050 "  },


 { "name": " Android - Hungary vs Turkey ",       
"link": " https://yosintv2.github.io/tv/ads.html" },


{ "name": " Android - Hungary vs Turkey ",       
"link": "https://yosintv2.github.io/ads/foot.html?url=https://yosintv2.github.io/tv/alpha.html?mid=hungary-vs-turkey "  },


 { "name": " Android - Hungary vs Turkey ",       
"link": "https://yosintv2.github.io/ads/foot.html?url=https://yosintv2.github.io/tv/alpha2.html?mid=hungary-vs-turkey "  },


{ "name": " PC/Android - Hungary vs Turkey ",      
"link": "https://yosintv2.github.io/ads/foot.html?url=https://topembed.pw/channel/ArenaPremium3[Serbia] "  },


{ "name": " PC/Android - Hungary vs Turkey ",      
"link": "https://yosintv2.github.io/ads/foot.html?url=https://topembed.pw/channel/DAZN1Deutschland[Germany] "  },


{ "name": " PC/Android - Hungary vs Turkey ",      
"link": "https://yosintv2.github.io/ads/foot.html?url=https://topembed.pw/channel/DiemaSport2[Bulgaria] "  }




  ],
  "styles": {
    "livee": "display: flex; justify-content: space-between; align-items: center; text-decoration: none; color: inherit; margin: 5px 0; padding: 5px; border: 2px solid #000; border-radius: 5px; cursor: pointer; transition: box-shadow 0.3s ease; background-color: red; color: white;",
    "liveeHover": "box-shadow: 0 4px 8px rgba(0, 0, 0, 0.2);",
    "liveeName": "flex: 2; text-align: center; color: white; font-weight: bold;"
  }
}
