{
  "events": [


    
    {
      "name": "Smooth 1 - International League T20 ",
      "link": "https://www.yosintv.link/cricket.html?url=https://yosintv3.github.io/player/player2.html?url=https://c1s3.vfruitfairy.com/crc2/index.m3u8"
    },


    
    {
      "name": "Smooth 2 - International League T20 ",
      "link": "https://yosintv2.github.io/tv/ads.html"
    },


    
    {
      "name": "Link 1 - International League T20",
      "link": "https://www.yosintv.link/cricket.html?url=https://yosintv.github.io/yosintv/jwplayers.html?src=https://embedme.top/embed/alpha/gulf-giants-vs-sharjah-warriors/1"
    },


    
    {
      "name": "Link 2 - International League T20 ",
      "link": "https://yosintv2.github.io/ads/promote.html"
    },



    {
      "name": "Link 3 - International League T20 ",
      "link": "https://www.yosintv.link/cricket.html?url=https://me.webcric.com/frame8.htm"
    },



        {
      "name": "Link 4 - International League T20 ",
      "link": "https://www.yosintv.link/cricket.html?url=https://me.webcric.com/frame8.htm"
    },



        {
      "name": "Link 5 - International League T20 ",
      "link": "https://www.yosintv.link/cricket.html?url=https://yosintv.github.io/yosintv/jwplayers.html?src=https://embedme.top/embed/alpha/gulf-giants-vs-sharjah-warriors/1"
    }





  ],
  "styles": {
    "livee": "display: flex; justify-content: space-between; align-items: center; text-decoration: none; color: inherit; margin: 5px 0; padding: 5px; border: 2px solid #000; border-radius: 5px; cursor: pointer; transition: box-shadow 0.3s ease; background-color: red; color: white;",
    "liveeHover": "box-shadow: 0 4px 8px rgba(0, 0, 0, 0.2);",
    "liveeName": "flex: 2; text-align: center; color: white; font-weight: bold;"
  }
}
