{"events": [


{ "name": " Join YoSinTV Telegram For Links  ",
 "link": "https://t.me/yosintvlive " },


{ "name": " Mob Only - ENG vs India, 4th Test ",       
"link": "https://yosintv2.github.io/ads/cric.html?url=https://linnk.pages.dev/cricket?id=ten3  "  },

{ "name": " Mob Only - ENG vs India, 4th Test ",       
"link": " https://yosintv2.github.io/tv/ads.html" },

 
{ "name": " Mob Only - ENG vs India, 4th Test ",       
"link": "https://yosintv2.github.io/ads/cric.html?url=https://linnk.pages.dev/cricket?id=ten1  "  },
  
{ "name": " Link 1 - ENG vs India, 4th Test ",       
"link": " https://yosintv2.github.io/tv/ads.html" },

 
{ "name": " Link 2 - ENG vs India, 4th Test ",       
"link": " https://yosintv2.github.io/ads/cric.html?url=https://linnk.pages.dev/back?id=346 "  },

{ "name": " Link 3 - ENG vs India, 4th Test ",       
"link": " https://yosintv2.github.io/ads/cric.html?url=https://linnk.pages.dev/back?id=65 "  },

{ "name": " Link 4 - ENG vs India, 4th Test ",       
"link": " https://yosintv2.github.io/tv/ads.html" },


{ "name": " Link 5 - ENG vs India, 4th Test ",       
"link": " https://yosintv2.github.io/ads/cric.html?url=https://linnk.pages.dev/back?id=369 "  },

{ "name": " Link 6 - ENG vs India, 4th Test ",       
"link": " https://yosintv2.github.io/ads/cric.html?url=https://linnk.pages.dev/back?id=368 "  },

{ "name": " Link 7 - ENG vs India, 4th Test ",       
"link": " https://yosintv2.github.io/ads/cric.html?url=https://linnk.pages.dev/back?id=370 "  }




  ],
  "styles": {
    "livee": "display: flex; justify-content: space-between; align-items: center; text-decoration: none; color: inherit; margin: 5px 0; padding: 5px; border: 2px solid #000; border-radius: 5px; cursor: pointer; transition: box-shadow 0.3s ease; background-color: red; color: white;",
    "liveeHover": "box-shadow: 0 4px 8px rgba(0, 0, 0, 0.2);",
    "liveeName": "flex: 2; text-align: center; color: white; font-weight: bold;"
  }
}
