{ "events": [

{ "name": " Link 1 - La Liga TV ",      
"link": "https://yosintv2.github.io/ads/foot.html?url=https://cr7tv.github.io/tv/ft.html?id=ssports "  },

{ "name": " Link 2 - La Liga TV ",      
 "link": " https://yosintv2.github.io/tv/ads.html" },

{ "name": " Link 3 - La Liga TV ",      
"link": " https://yosintv2.github.io/ads/foot.html?url=https://topembed.pw/channel/LaLigaTV[UK] "  },

{ "name": " Link 4 - La Liga TV ",      
 "link": " https://yosintv2.github.io/tv/ads.html" },

{ "name": " Link 5 - La Liga TV ",      
"link": "https://yosintv2.github.io/ads/foot.html?url=https://cr7tv.github.io/tv/ft.html?id=ssports "  },

{ "name": " Link 6 - La Liga TV ",      
"link": " https://yosintv2.github.io/ads/foot.html?url=https://topembed.pw/channel/SuperSportLaLiga[SouthAfrica] "  }



  ],
  "styles": {
    "livee": "display: flex; justify-content: space-between; align-items: center; text-decoration: none; color: inherit; margin: 5px 0; padding: 5px; border: 2px solid #000; border-radius: 5px; cursor: pointer; transition: box-shadow 0.3s ease; background-color: red; color: white;",
    "liveeHover": "box-shadow: 0 4px 8px rgba(0, 0, 0, 0.2);",
    "liveeName": "flex: 2; text-align: center; color: white; font-weight: bold;"
  }
}
