{
  "matches": [
    {
      "team1": "Man United",
      "team1_logo": "https://images.fotmob.com/image_resources/logo/teamlogo/9826_small.png",
      "team2": "Liverpool",
      "team2_logo": "https://images.fotmob.com/image_resources/logo/teamlogo/8456_small.png", 
      "match_time": "2025-05-18T01:50:00+09:00",
      "details_url": "/match-details/1"
    },
    {
      "team1": "Barcelona",
      "team1_logo": "https://images.fotmob.com/image_resources/logo/teamlogo/9826_small.png",
      "team2": "Real Madrid",
      "team2_logo": "https://images.fotmob.com/image_resources/logo/teamlogo/8456_small.png",
      "match_time": "2025-05-18T20:00:00+09:00",
      "details_url": "/match-details/2"
    },
    {
      "team1": "Bayern Munich",
      "team1_logo": "https://images.fotmob.com/image_resources/logo/teamlogo/9826_small.png",
      "team2": "Paris Saint-Germain",
      "team2_logo": "https://images.fotmob.com/image_resources/logo/teamlogo/8456_small.png",
      "match_time": "2025-05-19T18:00:00+09:00",
      "details_url": "/match-details/3"
    }
  ]
}
