{"events": [


{ "name": " Join YoSinTV Telegram For Links  ",
 "link": "https://t.me/yosintvlive " },


{ "name": " PC & Mob - Flamengo vs Bayern ",       
"link": "https://yosintv2.github.io/ads/foot.html?url=https://a.shoope.live/albaplayer/ben1/ "  },

{ "name": " PC & Mob - Flamengo vs Bayern ",       
"link": " https://yosintv2.github.io/tv/ads.html" },

 
{ "name": " PC & Mob - Flamengo vs Bayern ",       
"link": "https://yosintv2.github.io/ads/foot.html?url=https://a.shoope.live/albaplayer/ben1/ "  },
 

{ "name": " PC & Mob - Flamengo vs Bayern ",       
"link": " https://yosintv2.github.io/tv/ads.html" },

 
 { "name": " No Lag - Flamengo vs Bayern ",       
"link": "https://yosintv2.github.io/ads/foot.html?url=https://a.shoope.live/albaplayer/ben1/ "  }



  ],
  "styles": {
    "livee": "display: flex; justify-content: space-between; align-items: center; text-decoration: none; color: inherit; margin: 5px 0; padding: 5px; border: 2px solid #000; border-radius: 5px; cursor: pointer; transition: box-shadow 0.3s ease; background-color: red; color: white;",
    "liveeHover": "box-shadow: 0 4px 8px rgba(0, 0, 0, 0.2);",
    "liveeName": "flex: 2; text-align: center; color: white; font-weight: bold;"
  }
}
