{"events": [


{ "name": " Join YoSinTV Telegram For Fast Links  ",
"link": "https://t.me/yosintvlive " },


{ "name": " Link 1 - Nepal W vs Bangladesh W ",       
"link": "https://yosintv2.github.io/ads/foot.html?url=https://nirutv.online/Player/yt?id=HR4EMeSItDo "  },

{ "name": " Link 2 - Nepal W vs Bangladesh W ",       
"link": " https://yosintv2.github.io/tv/ads.html" },

{ "name": " Link 3 - Nepal W vs Bangladesh W ",       
"link": "https://yosintv2.github.io/ads/foot.html?url=https://nirutv.online/Player/yt?id=HR4EMeSItDo "  },

{ "name": " Link 4 - Nepal W vs Bangladesh W ",       
"link": " https://yosintv2.github.io/tv/ads.html" },
  
{ "name": " Link 5 - Nepal W vs Bangladesh W ",       
"link": "https://yosintv2.github.io/ads/foot.html?url=https://nirutv.online/Player/yt?id=HR4EMeSItDo "  }
  
  ],
  "styles": {
    "livee": "display: flex; justify-content: space-between; align-items: center; text-decoration: none; color: inherit; margin: 5px 0; padding: 5px; border: 2px solid #000; border-radius: 5px; cursor: pointer; transition: box-shadow 0.3s ease; background-color: red; color: white;",
    "liveeHover": "box-shadow: 0 4px 8px rgba(0, 0, 0, 0.2);",
    "liveeName": "flex: 2; text-align: center; color: white; font-weight: bold;"
  }
}
