{"events": [


{ "name": " Join YoSinTV Telegram For Fast Links  ",
 "link": "https://t.me/yosintvlive " },


{ "name": " Mob Only - Newcastle vs Crystal ",       
"link": "https://yosintv2.github.io/ads/foot.html?url=https://cr7tv.github.io/livee/live.html?id=ppvnewcastle "  },


{ "name": " All - Newcastle vs Crystal ",       
"link": " https://yosintv2.github.io/tv/ads.html" },


{ "name": " All - Newcastle vs Crystal ",       
"link": "https://yosintv2.github.io/ads/foot.html?url=https://yosintv2.github.io/ads/ak.html?m=109053"  },


{ "name": " All - Newcastle vs Crystal ",       
"link": "https://yosintv2.github.io/ads/foot.html?url=https://yosintv2.github.io/ads/ak.html?m=187579"  },


 { "name": " Android - Newcastle vs Crystal ",       
"link": " https://yosintv2.github.io/tv/ads.html" },


{ "name": " Android - Newcastle vs Crystal ",       
"link": "https://yosintv2.github.io/ads/foot.html?url=https://yosintv2.github.io/tv/alpha.html?mid=newcastle-united-vs-crystal-palace "  },


 { "name": " Android - Newcastle vs Crystal ",       
"link": "https://yosintv2.github.io/ads/foot.html?url=https://yosintv2.github.io/tv/alpha2.html?mid=newcastle-united-vs-crystal-palace "  },


{ "name": " PC/Android - Newcastle vs Crystal ",      
"link": " https://yosintv2.github.io/tv/ads.html" }



  ],
  "styles": {
    "livee": "display: flex; justify-content: space-between; align-items: center; text-decoration: none; color: inherit; margin: 5px 0; padding: 5px; border: 2px solid #000; border-radius: 5px; cursor: pointer; transition: box-shadow 0.3s ease; background-color: red; color: white;",
    "liveeHover": "box-shadow: 0 4px 8px rgba(0, 0, 0, 0.2);",
    "liveeName": "flex: 2; text-align: center; color: white; font-weight: bold;"
  }
}
