{
  "events": [
    {
      "name": " Join YoSinTV Telegram Live Links ",
      "link": "https://t.me/yosintvlive"
    },
    {
      "name": " Estonia vs Norway ",
      "links": [

        " https://yosintv2.github.io/ads/foot.html?url=https://yosintv2.github.io/ads/ak?m=427856 ",
        " https://yosintv2.github.io/ads/foot.html?url=https://yosintv2.github.io/ads/ak?m=517759 ",
        " https://yosintv2.github.io/tv/ads.html",

        " https://yosintv2.github.io/ads/foot.html?url=https://yosintv2.github.io/ads/ak?m=500605 ",
        " https://yosintv2.github.io/tv/ads.html",

        " https://yosintv2.github.io/ads/foot.html?url=https://topembed.pw/channel/ESPN2[Argentina] ",
        " https://yosintv2.github.io/ads/foot.html?url=https://topembed.pw/channel/FoxSoccerPlus[US] ",
       " https://yosintv2.github.io/ads/foot.html?url=https://topembed.pw/channel/NovaSports4[Greece] "        
      
      ]
    }
  ],
  "styles": {
    "livee": "display: flex; justify-content: space-between; align-items: center; text-decoration: none; color: inherit; margin: 5px 0; padding: 5px; border: 2px solid #000; border-radius: 5px; cursor: pointer; transition: box-shadow 0.3s ease; background-color: red; color: white;",
    "liveeHover": "box-shadow: 0 4px 8px rgba(0, 0, 0, 0.2);",
    "liveeName": "flex: 2; text-align: center; color: white; font-weight: bold;"
  }
}
