{
  "events": [
    {
      "name": " Join YoSinTV Telegram Live Links ",
      "link": "https://t.me/yosintvlive"
    },
    {
      "name": " Nottingham vs Brentford ",
      "links": [

        " https://yosintv2.github.io/ads/foot.html?url=https://cr7tv.github.io/tv/ft.html?id=bein5  ",
        " https://yosintv2.github.io/tv/ads.html",

        " https://yosintv2.github.io/ads/foot.html?url=https://yosintv2.github.io/ads/ak.html?m=144861 ",
        " https://yosintv2.github.io/ads/foot.html?url=https://yosintv2.github.io/ads/ak.html?m=321443 ",
        " https://yosintv2.github.io/tv/ads.html",

        " https://yosintv2.github.io/ads/foot.html?url=https://la12hd.com/vivo/canales.php?stream=disney1 ",
        " https://yosintv2.github.io/ads/foot.html?url=https://la12hd.com/vivo/canales.php?stream=dazn1 ",
        " https://yosintv2.github.io/tv/ads.html",

        " https://yosintv2.github.io/ads/foot.html?url=https://la12hd.com/vivo/canales.php?stream=max1 ",
        " https://yosintv2.github.io/ads/foot.html?url=https://la12hd.com/vivo/canales.php?stream=eleven4_pt ",
       " https://yosintv2.github.io/ads/foot.html?url=https://la12hd.com/vivo/canales.php?stream=usanetwork "        
      
      ]
    }
  ],
  "styles": {
    "livee": "display: flex; justify-content: space-between; align-items: center; text-decoration: none; color: inherit; margin: 5px 0; padding: 5px; border: 2px solid #000; border-radius: 5px; cursor: pointer; transition: box-shadow 0.3s ease; background-color: red; color: white;",
    "liveeHover": "box-shadow: 0 4px 8px rgba(0, 0, 0, 0.2);",
    "liveeName": "flex: 2; text-align: center; color: white; font-weight: bold;"
  }
}
