{
  "events": [
    
    {
      "name": "Mobile Only - Sudurpaschim vs Janakpur ",
      "link": "https://www.cricfoot.net/player.html?src=https://www.youtube.com/embed/hpZMrUcuaWY"
    },
    
    
    {
      "name": "Smooth 2 - Sudurpaschim vs Janakpur ",
      "link": "https://yosintv2.github.io/tv/ads.html"
    },
    
    
    {
      "name": "PC/Desktop - Sudurpaschim vs Janakpur ",
      "link": "https://www.cricfoot.net/player.html?src=https://www.youtube.com/embed/hpZMrUcuaWY"
    },
    
    
    {
      "name": "Link 2 - Sudurpaschim vs Janakpur ",
      "link": "https://yosintv2.github.io/ads/promote.html"
    },


    {
      "name": "PC Only - Sudurpaschim vs Janakpur ",
      "link": "https://www.cricfoot.net/player.html?src=https://embedme.top/embed/alpha/nepal-premier-league-final-sudurpaschim-royals-vs-janakpur-bolts/1"
    },


        {
      "name": "PC Only  - Sudurpaschim vs Janakpur ",
      "link": "https://www.cricfoot.net/player.html?src=https://embedme.top/embed/alpha/nepal-premier-league-final-sudurpaschim-royals-vs-janakpur-bolts/2"
    },


        {
      "name": "Link 5 - Sudurpaschim vs Janakpur ",
      "link": "https://yosintv2.github.io/tv/ads.html"
    }


    
  ],
  "styles": {
    "livee": "display: flex; justify-content: space-between; align-items: center; text-decoration: none; color: inherit; margin: 5px 0; padding: 5px; border: 2px solid #000; border-radius: 5px; cursor: pointer; transition: box-shadow 0.3s ease; background-color: red; color: white;",
    "liveeHover": "box-shadow: 0 4px 8px rgba(0, 0, 0, 0.2);",
    "liveeName": "flex: 2; text-align: center; color: white; font-weight: bold;"
  }
}
