{
  "events": [


    
    {
      "name": "Smooth 1 - Men's Super Smash T20 ",
      "link": "https://yosintv2.github.io/ads/cric.html?id=https://topembed.pw/channel/TNTSports3[UK]"
    },


    
    {
      "name": "Smooth 2 - Men's Super Smash T20 ",
      "link": "https://yosintv2.github.io/tv/ads.html"
    },


    
    {
      "name": "Link 1 - Men's Super Smash T20",
      "link": "https://yosintv2.github.io/ads/cric.html?id=https://topembed.pw/channel/SuperSportAction[SouthAfrica]"
    },


    
    {
      "name": "Link 2 - Men's Super Smash T20 ",
      "link": "https://yosintv2.github.io/ads/promote.html"
    },



    {
      "name": "Link 3 - Men's Super Smash T20 ",
      "link": "https://yosintv2.github.io/ads/cric.html?id=https://topembed.pw/channel/Fox505[Australia]"
    },



        {
      "name": "Link 4 - Men's Super Smash T20 ",
      "link": "https://yosintv2.github.io/ads/cric.html?id=https://topembed.pw/channel/Fox505[Australia]"
    },



        {
      "name": "Link 5 - Men's Super Smash T20 ",
      "link": "https://yosintv2.github.io/ads/cric.html?id=https://topembed.pw/channel/SuperSportAction[SouthAfrica]"
    }





  ],
  "styles": {
    "livee": "display: flex; justify-content: space-between; align-items: center; text-decoration: none; color: inherit; margin: 5px 0; padding: 5px; border: 2px solid #000; border-radius: 5px; cursor: pointer; transition: box-shadow 0.3s ease; background-color: red; color: white;",
    "liveeHover": "box-shadow: 0 4px 8px rgba(0, 0, 0, 0.2);",
    "liveeName": "flex: 2; text-align: center; color: white; font-weight: bold;"
  }
}
