{"events": [


{ "name": " Join YoSinTV Telegram For Fast Links  ",
 "link": "https://t.me/yosintvlive " },


{ "name": " All - Leganés vs Osasuna ",       
"link": "https://yosintv2.github.io/ads/foot.html?url=https://yosintv2.github.io/ads/ak.html?m=235232"  },


{ "name": " All - Leganés vs Osasuna ",       
"link": " https://yosintv2.github.io/tv/ads.html" },


{ "name": " All - Leganés vs Osasuna ",       
"link": "https://yosintv2.github.io/ads/foot.html?url=https://yosintv2.github.io/ads/ak.html?m=144861"  },


{ "name": " All - Leganés vs Osasuna ",       
"link": "https://yosintv2.github.io/ads/foot.html?url=https://yosintv2.github.io/ads/ak.html?m=485739"  },


 { "name": " Android - Leganés vs Osasuna ",       
"link": " https://yosintv2.github.io/tv/ads.html" },


{ "name": " Android - Leganés vs Osasuna ",       
"link": "https://yosintv2.github.io/ads/foot.html?url=https://yosintv2.github.io/tv/alpha.html?mid=leganes-vs-osasuna "  },


 { "name": " Android - Leganés vs Osasuna ",       
"link": "https://yosintv2.github.io/ads/foot.html?url=https://yosintv2.github.io/tv/alpha2.html?mid=leganes-vs-osasuna "  },


{ "name": " PC/Android - Leganés vs Osasuna ",      
"link": " https://yosintv2.github.io/tv/ads.html" },


{ "name": " PC/Android - Leganés vs Osasuna ",      
"link": "https://yosintv2.github.io/ads/foot.html?url=https://streamtp4.com/global1.php?stream=espnplus6 "  },


{ "name": " PC/Android - Leganés vs Osasuna ",      
"link": "https://yosintv2.github.io/ads/foot.html?url=https://streamtp4.com/global1.php?stream=espnplus5 "  },


{ "name": " PC/Android - Leganés vs Osasuna ",      
"link": "https://yosintv2.github.io/ads/foot.html?url=https://streamtp4.com/global1.php?stream=espndeportes "  }




  ],
  "styles": {
    "livee": "display: flex; justify-content: space-between; align-items: center; text-decoration: none; color: inherit; margin: 5px 0; padding: 5px; border: 2px solid #000; border-radius: 5px; cursor: pointer; transition: box-shadow 0.3s ease; background-color: red; color: white;",
    "liveeHover": "box-shadow: 0 4px 8px rgba(0, 0, 0, 0.2);",
    "liveeName": "flex: 2; text-align: center; color: white; font-weight: bold;"
  }
}
