{"events": [


{ "name": " Join YoSinTV Telegram For Fast Links  ",
 "link": "https://t.me/yosintvlive " },

{ "name": " All - Chelsea vs PSG  ",       
"link": "https://yosintv2.github.io/ads/foot.html?url=https://linnk.pages.dev/football?id=psg"  },

{ "name": " All - Chelsea vs PSG  ",       
"link": " https://yosintv2.github.io/tv/ads.html" },


{ "name": " All - Chelsea vs PSG  ",       
"link": "https://yosintv2.github.io/ads/foot.html?url=https://linnk.pages.dev/football?id=psg1 "  },

{ "name": " All - Chelsea vs PSG  ",       
"link": "https://yosintv2.github.io/ads/foot.html?url=https://linnk.pages.dev/football?id=psg2"  },

{ "name": " All - Chelsea vs PSG  ",       
"link": " https://yosintv2.github.io/tv/ads.html" },


{ "name": " All - Chelsea vs PSG  ",       
"link": "https://yosintv2.github.io/ads/foot.html?url=https://yosintv2.github.io/ads/ak.html?m=113906 "  },
 
 
{ "name": " All - Chelsea vs PSG  ",       
"link": "https://yosintv2.github.io/ads/foot.html?url=https://yosintv2.github.io/ads/ak.html?m=113906 "  },
 
 
 { "name": " Android - Chelsea vs PSG  ",       
"link": "https://yosintv2.github.io/ads/foot.html?url=https://yosintv2.github.io/tv/alpha.html?mid=fifa-club-world-cup-final-chelsea-vs-paris-saint-germain "  },

{ "name": " Android - Chelsea vs PSG  ",       
"link": "https://yosintv2.github.io/ads/foot.html?url=https://yosintv2.github.io/tv/alpha2.html?mid=fifa-club-world-cup-final-chelsea-vs-paris-saint-germain "  },

{ "name": " PC/Android - Chelsea vs PSG  ",      
"link": " https://yosintv2.github.io/tv/ads.html" },


{ "name": " PC/Android - Chelsea vs PSG  ",      
"link": "https://yosintv2.github.io/ads/foot.html?url=https://mpdd.pages.dev/club1 "  },
 
 { "name": " PC/Android - Chelsea vs PSG  ",      
"link": "https://yosintv2.github.io/ads/foot.html?url=https://streamtpglobal.com/global1.php?stream=telefe "  },
 
{ "name": " PC/Android - Chelsea vs PSG  ",      
"link": "https://yosintv2.github.io/ads/foot.html?url=https://streamtpglobal.com/global1.php?stream=disney7 "  }




  ],
  "styles": {
    "livee": "display: flex; justify-content: space-between; align-items: center; text-decoration: none; color: inherit; margin: 5px 0; padding: 5px; border: 2px solid #000; border-radius: 5px; cursor: pointer; transition: box-shadow 0.3s ease; background-color: red; color: white;",
    "liveeHover": "box-shadow: 0 4px 8px rgba(0, 0, 0, 0.2);",
    "liveeName": "flex: 2; text-align: center; color: white; font-weight: bold;"
  }
}
