{"events": [


{ "name": " Join YoSinTV Telegram For Fast Links  ",
 "link": "https://t.me/yosintvlive " },

{ "name": " All - PSG vs Real Madrid  ",       
"link": "https://yosintv2.github.io/ads/foot.html?url=https://linnk.pages.dev/football?id=mbc5 "  },

{ "name": " All - PSG vs Real Madrid  ",       
"link": " https://yosintv2.github.io/tv/ads.html" },


{ "name": " All - PSG vs Real Madrid  ",       
"link": "https://yosintv2.github.io/ads/foot.html?url=https://yosintv2.github.io/ads/ak.html?m=113906 "  },

{ "name": " All - PSG vs Real Madrid  ",       
"link": "https://yosintv2.github.io/ads/foot.html?url=https://yosintv2.github.io/ads/ak.html?m=118206 "  },

{ "name": " All - PSG vs Real Madrid  ",       
"link": " https://yosintv2.github.io/tv/ads.html" },


{ "name": " All - PSG vs Real Madrid  ",       
"link": "https://yosintv2.github.io/ads/foot.html?url=https://yosintv2.github.io/ads/ak.html?m=123226 "  },
 
 
{ "name": " Android - PSG vs Real Madrid  ",       
"link": "https://yosintv2.github.io/ads/foot.html?url=https://yosintv2.github.io/tv/alpha.html?mid=paris-saint-germain-vs-real-madrid "  },

{ "name": " Android - PSG vs Real Madrid  ",       
"link": "https://yosintv2.github.io/ads/foot.html?url=https://yosintv2.github.io/tv/alpha2.html?mid=paris-saint-germain-vs-real-madrid "  },

{ "name": " PC/Android - PSG vs Real Madrid  ",      
"link": " https://yosintv2.github.io/tv/ads.html" },


{ "name": " PC/Android - PSG vs Real Madrid  ",      
"link": "https://yosintv2.github.io/ads/foot.html?url=https://streamtpglobal.com/global1.php?stream=sporttvbr1 "  },
 
 
 { "name": " PC/Android - PSG vs Real Madrid  ",      
"link": "https://yosintv2.github.io/ads/foot.html?url=https://streamtpglobal.com/global1.php?stream=dsports "  },
 
{ "name": " PC/Android - PSG vs Real Madrid  ",      
"link": "https://yosintv2.github.io/ads/foot.html?url=https://streamtpglobal.com/global1.php?stream=tudn_usa "  }




  ],
  "styles": {
    "livee": "display: flex; justify-content: space-between; align-items: center; text-decoration: none; color: inherit; margin: 5px 0; padding: 5px; border: 2px solid #000; border-radius: 5px; cursor: pointer; transition: box-shadow 0.3s ease; background-color: red; color: white;",
    "liveeHover": "box-shadow: 0 4px 8px rgba(0, 0, 0, 0.2);",
    "liveeName": "flex: 2; text-align: center; color: white; font-weight: bold;"
  }
}
