{"events": [


{ "name": " Join YoSinTV Telegram For Fast Links  ",
 "link": "https://t.me/yosintvlive " },


{ "name": " All - Real Betis vs Chelsea ",       
"link": "https://yosintv2.github.io/ads/foot.html?url=https://yosintv1.github.io/link/football.html?id=chelsea1 "  },

{ "name": " All - Real Betis vs Chelsea ",       
"link": " https://yosintv2.github.io/tv/ads.html" },


{ "name": " All - Real Betis vs Chelsea ",       
"link": "https://yosintv2.github.io/ads/foot.html?url=https://yosintv1.github.io/link/football.html?id=chelsea2 "  },


{ "name": " All - Real Betis vs Chelsea ",       
"link": "https://yosintv2.github.io/ads/foot.html?url=https://yosintv.github.io/yosintv/mid.html?id=4329502"  },

{ "name": " All - Real Betis vs Chelsea ",       
"link": "https://yosintv2.github.io/ads/foot.html?url=https://yosintv2.github.io/ads/ak.html?m=414317 "  },


{ "name": " PC/Android - Real Betis vs Chelsea ",      
"link": " https://yosintv2.github.io/tv/ads.html" },

{ "name": " All - Real Betis vs Chelsea ",       
"link": "https://yosintv2.github.io/ads/foot.html?url=https://yosintv2.github.io/ads/ak.html?m=118206 "  },
 
 
 { "name": " PC/Android - Real Betis vs Chelsea ",      
"link": "https://yosintv2.github.io/ads/foot.html?url=https://topembed.pw/channel/TNTSports1[UK] "  },

{ "name": " PC/Android - Real Betis vs Chelsea ",      
"link": "https://yosintv2.github.io/ads/foot.html?url=https://topembed.pw/channel/TNTSportsUltimate[UK] "  },

{ "name": " PC/Android - Real Betis vs Chelsea ",      
"link": "https://yosintv2.github.io/ads/foot.html?url=https://topembed.pw/channel/ESPN[Argentina] "  },
  
{ "name": " PC/Android - Real Betis vs Chelsea ",      
"link": "https://yosintv2.github.io/ads/foot.html?url=https://topembed.pw/channel/CosmoteSport1[Greece] "  }




  ],
  "styles": {
    "livee": "display: flex; justify-content: space-between; align-items: center; text-decoration: none; color: inherit; margin: 5px 0; padding: 5px; border: 2px solid #000; border-radius: 5px; cursor: pointer; transition: box-shadow 0.3s ease; background-color: red; color: white;",
    "liveeHover": "box-shadow: 0 4px 8px rgba(0, 0, 0, 0.2);",
    "liveeName": "flex: 2; text-align: center; color: white; font-weight: bold;"
  }
}
