{"events": [


{ "name": " Join YoSinTV Telegram For Fast Links  ",
 "link": "https://t.me/yosintvlive " },


{ "name": " Smooth - Valencia vs Sevilla ",       
"link": "https://yosintv2.github.io/ads/foot.html?url=https://cr7tv.github.io/livee/live.html?id=laligamplus "  },


{ "name": " All - Valencia vs Sevilla ",       
"link": " https://yosintv2.github.io/tv/ads.html" },


{ "name": " All - Valencia vs Sevilla ",       
"link": "https://yosintv2.github.io/ads/foot.html?url=https://yosintv2.github.io/ads/ak.html?m=291277"  },


{ "name": " All - Valencia vs Sevilla ",       
"link": "https://yosintv2.github.io/ads/foot.html?url=https://yosintv2.github.io/ads/ak.html?m=511240"  },


 { "name": " Android - Valencia vs Sevilla ",       
"link": " https://yosintv2.github.io/tv/ads.html" },


{ "name": " Android - Valencia vs Sevilla ",       
"link": "https://yosintv2.github.io/ads/foot.html?url=https://yosintv2.github.io/tv/alpha.html?mid=valencia-vs-sevilla "  },


 { "name": " Android - Valencia vs Sevilla ",       
"link": "https://yosintv2.github.io/ads/foot.html?url=https://yosintv2.github.io/tv/alpha2.html?mid=valencia-vs-sevilla "  },


{ "name": " PC/Android - Valencia vs Sevilla ",      
"link": " https://yosintv2.github.io/tv/ads.html" },


{ "name": " PC/Android - Valencia vs Sevilla ",      
"link": "https://yosintv2.github.io/ads/foot.html?url=https://streamtp4.com/global1.php?stream=canal5mx "  },


{ "name": " PC/Android - Valencia vs Sevilla ",      
"link": "https://yosintv2.github.io/ads/foot.html?url=https://streamtp4.com/global1.php?stream=espnplus10 "  },


{ "name": " PC/Android - Valencia vs Sevilla ",      
"link": "https://yosintv2.github.io/ads/foot.html?url=https://streamtp4.com/global1.php?stream=espn "  }




  ],
  "styles": {
    "livee": "display: flex; justify-content: space-between; align-items: center; text-decoration: none; color: inherit; margin: 5px 0; padding: 5px; border: 2px solid #000; border-radius: 5px; cursor: pointer; transition: box-shadow 0.3s ease; background-color: red; color: white;",
    "liveeHover": "box-shadow: 0 4px 8px rgba(0, 0, 0, 0.2);",
    "liveeName": "flex: 2; text-align: center; color: white; font-weight: bold;"
  }
}
