{
  "events": [
    
    {
      "name": "Smooth 1 - TeamName ",
      "link": "https://yosintv2.github.io/ads/cric.html?id=_________"
    },
    
    {
      "name": "Smooth 2 - TeamName ",
      "link": "https://yosintv2.github.io/tv/ads.html"
    },
    
    {
      "name": "Link 1 - TeamName",
      "link": "https://yosintv2.github.io/ads/cric.html?id=_________"
    },
    
    {
      "name": "Link 2 - TeamName ",
      "link": "https://yosintv2.github.io/ads/adsense.html"
    },

    {
      "name": "Link 3 - TeamName ",
      "link": "https://yosintv2.github.io/ads/cric.html?id=_________"
    },


        {
      "name": "Link 4 - TeamName ",
      "link": "https://yosintv2.github.io/ads/cric.html?id=_________"
    },


        {
      "name": "Link 5 - TeamName ",
      "link": "https://yosintv2.github.io/ads/cric.html?id=_________"
    }


    
  ],
  "styles": {
    "livee": "display: flex; justify-content: space-between; align-items: center; text-decoration: none; color: inherit; margin: 5px 0; padding: 5px; border: 2px solid #000; border-radius: 5px; cursor: pointer; transition: box-shadow 0.3s ease; background-color: red; color: white;",
    "liveeHover": "box-shadow: 0 4px 8px rgba(0, 0, 0, 0.2);",
    "liveeName": "flex: 2; text-align: center; color: white; font-weight: bold;"
  }
}
