{ "events": [



{ "name": " Link 1 - Southampton vs Bournemouth ",      
"link": " https://yosintv2.github.io/ads/foot.html?url=https://yosintv2.github.io/tv/midd.html?mid=4139832 "  },


 { "name": " Link 2 - Southampton vs Bournemouth ",    
 "link": " https://yosintv2.github.io/tv/ads.html" },


{ "name": "  iOS/Mob - Southampton vs Bournemouth ",   
"link": " https://yosintv2.github.io/ads/foot.html?url=https://yosintv2.github.io/tv/midd.html?mid=4139832 "  },


 { "name": "Link 3 - Southampton vs Bournemouth ",      
 "link": " https://yosintv2.github.io/tv/ads.html" },


{ "name": "PC/Laptop - Southampton vs Bournemouth ",      
"link": " https://yosintv2.github.io/ads/foot.html?url=https://topembed.pw/channel/SkySport4[NewZealand] "  },


{ "name": "PC/Laptop - Southampton vs Bournemouth ",      
"link": " https://yosintv2.github.io/ads/foot.html?url=https://topembed.pw/channel/NovaSportsStart[Greece] "  }



  ],
  "styles": {
    "livee": "display: flex; justify-content: space-between; align-items: center; text-decoration: none; color: inherit; margin: 5px 0; padding: 5px; border: 2px solid #000; border-radius: 5px; cursor: pointer; transition: box-shadow 0.3s ease; background-color: red; color: white;",
    "liveeHover": "box-shadow: 0 4px 8px rgba(0, 0, 0, 0.2);",
    "liveeName": "flex: 2; text-align: center; color: white; font-weight: bold;"
  }
}
