{"events": [


{ "name": " Join YoSinTV Telegram For Fast Links  ",
 "link": "https://t.me/yosintvlive " },


{ "name": " All - Spain vs France  ",       
"link": "https://yosintv2.github.io/ads/foot.html?url=https://yosintv1.github.io/link/football.html?id=spain1 "  },

{ "name": " All - Spain vs France  ",       
"link": " https://yosintv2.github.io/tv/ads.html" },

 
{ "name": " Mob Only - Spain vs France  ",       
"link": "https://yosintv2.github.io/ads/foot.html?url=https://yosintv1.github.io/link/football.html?id=spain2 "  },

{ "name": " Mob Only - Spain vs France  ",       
"link": "https://yosintv2.github.io/ads/foot.html?url=https://yosintv1.github.io/link/football.html?id=dazn1 "  },


{ "name": " All - Spain vs France  ",       
"link": " https://yosintv2.github.io/tv/ads.html" },

{ "name": " All - Spain vs France  ",       
"link": "https://yosintv2.github.io/ads/foot.html?url=https://yosintv2.github.io/ads/soco?m=494201 "  },
 
 { "name": " Android - Spain vs France  ",       
"link": "https://yosintv2.github.io/ads/foot.html?url=https://yosintv2.github.io/tv/alpha.html?mid=spain-vs-france "  },

 { "name": " Android - Spain vs France  ",       
"link": "https://yosintv2.github.io/ads/foot.html?url=https://yosintv2.github.io/tv/alpha2.html?mid=spain-vs-france  "  },


{ "name": " PC/Android - Spain vs France  ",      
"link": " https://yosintv2.github.io/tv/ads.html" },


{ "name": " PC/Android - Spain vs France  ",      
"link": "https://yosintv2.github.io/ads/foot.html?url=https://topembed.pw/channel/FOXSports1[USA] "  },

{ "name": " PC/Android - Spain vs France  ",      
"link": "https://yosintv2.github.io/ads/foot.html?url=https://topembed.pw/channel/DAZN1Deutschland[Germany] "  },
 
 { "name": " PC/Android - Spain vs France  ",      
"link": "https://yosintv2.github.io/ads/foot.html?url=https://topembed.pw/channel/ESPN[Argentina] "  },

{ "name": " PC/Android - Spain vs France  ",      
"link": "https://yosintv2.github.io/ads/foot.html?url=https://topembed.pw/channel/PrimaSport1[Romania] "  },

{ "name": " PC/Android - Spain vs France  ",      
"link": "https://yosintv2.github.io/ads/foot.html?url=https://topembed.pw/channel/PrimaSport1[Romania] "  }



  ],
  "styles": {
    "livee": "display: flex; justify-content: space-between; align-items: center; text-decoration: none; color: inherit; margin: 5px 0; padding: 5px; border: 2px solid #000; border-radius: 5px; cursor: pointer; transition: box-shadow 0.3s ease; background-color: red; color: white;",
    "liveeHover": "box-shadow: 0 4px 8px rgba(0, 0, 0, 0.2);",
    "liveeName": "flex: 2; text-align: center; color: white; font-weight: bold;"
  }
}
