{
  "events": [


 { "name": "Smooth 1 - KHO KHO Final ",    "link": " https://yosintv2.github.io/ads/cric.html?url=https://stream.crichd.sc/update/star.php " },


 { "name": "Smooth 2 - KHO KHO Final ",    "link": " https://yosintv2.github.io/tv/ads.html" },


 { "name": "Smooth 3 - KHO KHO Final ",    "link": " https://yosintv2.github.io/ads/cric.html?url=https://stream.crichd.sc/update/star1hi.php" },


 { "name": "Link 1 - KHO KHO Final ",      "link": " https://yosintv2.github.io/ads/cric.html?url=https://stream.crichd.sc/update/star1hi.php" },


 { "name": "Link 2 - KHO KHO Final ",      "link": " https://yosintv2.github.io/tv/ads.html" },


{ "name": "Link 3 - KHO KHO Final ",      "link": " https://yosintv2.github.io/ads/cric.html?url=https://stream.crichd.sc/update/star.php " }




  ],
  "styles": {
    "livee": "display: flex; justify-content: space-between; align-items: center; text-decoration: none; color: inherit; margin: 5px 0; padding: 5px; border: 2px solid #000; border-radius: 5px; cursor: pointer; transition: box-shadow 0.3s ease; background-color: red; color: white;",
    "liveeHover": "box-shadow: 0 4px 8px rgba(0, 0, 0, 0.2);",
    "liveeName": "flex: 2; text-align: center; color: white; font-weight: bold;"
  }
}
