{ "events": [


 { "name": "Smooth 1 - Villarreal vs Real Valladolid ",    
"link": " https://yosintv2.github.io/ads/foot.html?url=https://go.xib.cc/live/30450 "  },


 { "name": "Smooth 2 - Villarreal vs Real Valladolid ",    
 "link": " https://yosintv2.github.io/tv/ads.html" },


{ "name": " Link 1 - Villarreal vs Real Valladolid ",      
"link": " https://yosintv2.github.io/ads/foot.html?url=https://yosintv2.github.io/tv/midd.html?mid=4140378 "  },


{ "name": "  Link 2 - Villarreal vs Real Valladolid ",   
"link": " https://yosintv2.github.io/ads/foot.html?url=https://go.xib.cc/live/30860 "  },


 { "name": "Link 3 - Villarreal vs Real Valladolid ",      
 "link": " https://yosintv2.github.io/tv/ads.html" },


{ "name": "PC/Laptop - Villarreal vs Real Valladolid ",      
"link": " https://yosintv2.github.io/ads/cric.html?url=https://topembed.pw/channel/ESPNDeportes[USA] "  },


{ "name": "PC/Laptop - Villarreal vs Real Valladolid ",      
"link": " https://yosintv2.github.io/ads/cric.html?url=https://topembed.pw/channel/SuperSportLaLiga[SouthAfrica] "  }



  ],
  "styles": {
    "livee": "display: flex; justify-content: space-between; align-items: center; text-decoration: none; color: inherit; margin: 5px 0; padding: 5px; border: 2px solid #000; border-radius: 5px; cursor: pointer; transition: box-shadow 0.3s ease; background-color: red; color: white;",
    "liveeHover": "box-shadow: 0 4px 8px rgba(0, 0, 0, 0.2);",
    "liveeName": "flex: 2; text-align: center; color: white; font-weight: bold;"
  }
}
